Store_Number,Date,Weekly_Sales,Holiday_Flag,Temperature,Fuel_Price,CPI,Unemployment
1,05-02-2010,1643691.00,0,42.31,2.572,211,8.106
1,12-02-2010,1641957.00,1,38.51,2.548,211,8.106
1,19-02-2010,1611968.00,0,39.93,2.514,211,8.106
1,26-02-2010,1409728.00,0,46.63,2.561,211,8.106
1,05-03-2010,1554807.00,0,46.50,2.625,211,8.106
1,12-03-2010,1439542.00,0,57.79,2.667,211,8.106
1,19-03-2010,1472516.00,0,54.58,2.72,211,8.106
1,26-03-2010,1404430.00,0,51.45,2.732,211,8.106
1,02-04-2010,1594968.00,0,62.27,2.719,211,7.808
1,09-04-2010,1545419.00,0,65.86,2.77,211,7.808
1,16-04-2010,1466058.00,0,66.32,2.808,210,7.808
1,23-04-2010,1391256.00,0,64.84,2.795,210,7.808
1,30-04-2010,1425101.00,0,67.41,2.78,210,7.808
1,07-05-2010,1603955.00,0,72.55,2.835,210,7.808
1,14-05-2010,1494252.00,0,74.78,2.854,210,7.808
1,21-05-2010,1399662.00,0,76.44,2.826,211,7.808
1,28-05-2010,1432070.00,0,80.44,2.759,211,7.808
1,04-06-2010,1615525.00,0,80.69,2.705,211,7.808
1,11-06-2010,1542561.00,0,80.43,2.668,211,7.808
1,18-06-2010,1503284.00,0,84.11,2.637,211,7.808
1,25-06-2010,1422712.00,0,84.34,2.653,211,7.808
1,02-07-2010,1492418.00,0,80.91,2.669,211,7.787
1,09-07-2010,1546074.00,0,80.48,2.642,211,7.787
1,16-07-2010,1448939.00,0,83.15,2.623,211,7.787
1,23-07-2010,1385065.00,0,83.36,2.608,211,7.787
1,30-07-2010,1371987.00,0,81.84,2.64,211,7.787
1,06-08-2010,1605492.00,0,87.16,2.627,212,7.787
1,13-08-2010,1508238.00,0,87.00,2.692,212,7.787
1,20-08-2010,1513080.00,0,86.65,2.664,212,7.787
1,27-08-2010,1449143.00,0,85.22,2.619,212,7.787
1,03-09-2010,1540164.00,0,81.21,2.577,212,7.787
1,10-09-2010,1507461.00,1,78.69,2.565,211,7.787
1,17-09-2010,1430379.00,0,82.11,2.582,212,7.787
1,24-09-2010,1351791.00,0,80.94,2.624,212,7.787
1,01-10-2010,1453330.00,0,71.89,2.603,212,7.838
1,08-10-2010,1508240.00,0,63.93,2.633,212,7.838
1,15-10-2010,1459409.00,0,67.18,2.72,212,7.838
1,22-10-2010,1345454.00,0,69.86,2.725,212,7.838
1,29-10-2010,1384209.00,0,69.64,2.716,212,7.838
1,05-11-2010,1551659.00,0,58.74,2.689,212,7.838
1,12-11-2010,1494479.00,0,59.61,2.728,212,7.838
1,19-11-2010,1483784.00,0,51.41,2.771,212,7.838
1,26-11-2010,1955624.00,1,64.52,2.735,212,7.838
1,03-12-2010,1548034.00,0,49.27,2.708,212,7.838
1,10-12-2010,1682614.00,0,46.33,2.843,211,7.838
1,17-12-2010,1891035.00,0,49.84,2.869,211,7.838
1,24-12-2010,2387950.00,0,52.33,2.886,211,7.838
1,31-12-2010,1367320.00,1,48.43,2.943,211,7.838
1,07-01-2011,1444732.00,0,48.27,2.976,211,7.742
1,14-01-2011,1391014.00,0,35.40,2.983,211,7.742
1,21-01-2011,1327405.00,0,44.04,3.016,212,7.742
1,28-01-2011,1316899.00,0,43.83,3.01,212,7.742
1,04-02-2011,1606630.00,0,42.27,2.989,213,7.742
1,11-02-2011,1649615.00,1,36.39,3.022,213,7.742
1,18-02-2011,1686843.00,0,57.36,3.045,213,7.742
1,25-02-2011,1456800.00,0,62.90,3.065,214,7.742
1,04-03-2011,1636263.00,0,59.58,3.288,214,7.742
1,11-03-2011,1553192.00,0,53.56,3.459,214,7.742
1,18-03-2011,1576818.00,0,62.76,3.488,214,7.742
1,25-03-2011,1541102.00,0,69.97,3.473,215,7.742
1,01-04-2011,1495065.00,0,59.17,3.524,215,7.682
1,08-04-2011,1614259.00,0,67.84,3.622,215,7.682
1,15-04-2011,1559889.00,0,71.27,3.743,215,7.682
1,22-04-2011,1564820.00,0,72.99,3.807,215,7.682
1,29-04-2011,1455091.00,0,72.03,3.81,216,7.682
1,06-05-2011,1629391.00,0,64.61,3.906,216,7.682
1,13-05-2011,1604776.00,0,75.64,3.899,216,7.682
1,20-05-2011,1428218.00,0,67.63,3.907,216,7.682
1,27-05-2011,1466047.00,0,77.72,3.786,216,7.682
1,03-06-2011,1635078.00,0,83.00,3.699,215,7.682
1,10-06-2011,1588948.00,0,83.13,3.648,215,7.682
1,17-06-2011,1532115.00,0,86.41,3.637,215,7.682
1,24-06-2011,1438830.00,0,83.58,3.594,215,7.682
1,01-07-2011,1488538.00,0,85.55,3.524,215,7.962
1,08-07-2011,1534850.00,0,85.83,3.48,215,7.962
1,15-07-2011,1455120.00,0,88.54,3.575,215,7.962
1,22-07-2011,1396927.00,0,85.77,3.651,215,7.962
1,29-07-2011,1352220.00,0,86.83,3.682,215,7.962
1,05-08-2011,1624384.00,0,91.65,3.684,216,7.962
1,12-08-2011,1525147.00,0,90.76,3.638,216,7.962
1,19-08-2011,1530761.00,0,89.94,3.554,216,7.962
1,26-08-2011,1464693.00,0,87.96,3.523,216,7.962
1,02-09-2011,1550229.00,0,87.83,3.533,216,7.962
1,09-09-2011,1540471.00,1,76.00,3.546,216,7.962
1,16-09-2011,1514260.00,0,79.94,3.526,216,7.962
1,23-09-2011,1380020.00,0,75.80,3.467,216,7.962
1,30-09-2011,1394562.00,0,79.69,3.355,217,7.962
1,07-10-2011,1630990.00,0,69.31,3.285,217,7.866
1,14-10-2011,1493526.00,0,71.74,3.274,217,7.866
1,21-10-2011,1502563.00,0,63.71,3.353,218,7.866
1,28-10-2011,1445249.00,0,66.57,3.372,218,7.866
1,04-11-2011,1697230.00,0,54.98,3.332,218,7.866
1,11-11-2011,1594939.00,0,59.11,3.297,218,7.866
1,18-11-2011,1539484.00,0,62.25,3.308,218,7.866
1,25-11-2011,2033321.00,1,60.14,3.236,218,7.866
1,02-12-2011,1584084.00,0,48.91,3.172,219,7.866
1,09-12-2011,1799682.00,0,43.93,3.158,219,7.866
1,16-12-2011,1881177.00,0,51.63,3.159,219,7.866
1,23-12-2011,2270189.00,0,47.96,3.112,219,7.866
1,30-12-2011,1497463.00,1,44.55,3.129,220,7.866
1,06-01-2012,1550370.00,0,49.01,3.157,220,7.348
1,13-01-2012,1459601.00,0,48.53,3.261,220,7.348
1,20-01-2012,1394394.00,0,54.11,3.268,220,7.348
1,27-01-2012,1319326.00,0,54.26,3.29,220,7.348
1,03-02-2012,1636340.00,0,56.55,3.36,220,7.348
1,10-02-2012,1802477.00,1,48.02,3.409,220,7.348
1,17-02-2012,1819870.00,0,45.32,3.51,220,7.348
1,24-02-2012,1539388.00,0,57.25,3.555,221,7.348
1,02-03-2012,1688421.00,0,60.96,3.63,221,7.348
1,09-03-2012,1675431.00,0,58.76,3.669,221,7.348
1,16-03-2012,1677473.00,0,64.74,3.734,221,7.348
1,23-03-2012,1511068.00,0,65.93,3.787,221,7.348
1,30-03-2012,1649605.00,0,67.61,3.845,221,7.348
1,06-04-2012,1899677.00,0,70.43,3.891,221,7.143
1,13-04-2012,1621032.00,0,69.07,3.891,222,7.143
1,20-04-2012,1521578.00,0,66.76,3.877,222,7.143
1,27-04-2012,1468928.00,0,67.23,3.814,222,7.143
1,04-05-2012,1684520.00,0,75.55,3.749,222,7.143
1,11-05-2012,1611096.00,0,73.77,3.688,222,7.143
1,18-05-2012,1595902.00,0,70.33,3.63,222,7.143
1,25-05-2012,1555445.00,0,77.22,3.561,222,7.143
1,01-06-2012,1624478.00,0,77.95,3.501,222,7.143
1,08-06-2012,1697231.00,0,78.30,3.452,222,7.143
1,15-06-2012,1630607.00,0,79.35,3.393,222,7.143
1,22-06-2012,1527846.00,0,78.39,3.346,222,7.143
1,29-06-2012,1540421.00,0,84.88,3.286,222,7.143
1,06-07-2012,1769854.00,0,81.57,3.227,222,6.908
1,13-07-2012,1527014.00,0,77.12,3.256,222,6.908
1,20-07-2012,1497955.00,0,80.42,3.311,222,6.908
1,27-07-2012,1439124.00,0,82.66,3.407,222,6.908
1,03-08-2012,1631136.00,0,86.11,3.417,222,6.908
1,10-08-2012,1592410.00,0,85.05,3.494,222,6.908
1,17-08-2012,1597868.00,0,84.85,3.571,222,6.908
1,24-08-2012,1494122.00,0,77.66,3.62,222,6.908
1,31-08-2012,1582083.00,0,80.49,3.638,222,6.908
1,07-09-2012,1661767.00,1,83.96,3.73,222,6.908
1,14-09-2012,1517429.00,0,74.97,3.717,223,6.908
1,21-09-2012,1506126.00,0,69.87,3.721,223,6.908
1,28-09-2012,1437059.00,0,76.08,3.666,223,6.908
1,05-10-2012,1670786.00,0,68.55,3.617,223,6.573
1,12-10-2012,1573073.00,0,62.99,3.601,223,6.573
1,19-10-2012,1508069.00,0,67.97,3.594,223,6.573
1,26-10-2012,1493660.00,0,69.16,3.506,223,6.573
2,05-02-2010,2136989.00,0,40.19,2.572,211,8.324
2,12-02-2010,2137810.00,1,38.49,2.548,211,8.324
2,19-02-2010,2124452.00,0,39.69,2.514,211,8.324
2,26-02-2010,1865097.00,0,46.10,2.561,211,8.324
2,05-03-2010,1991013.00,0,47.17,2.625,211,8.324
2,12-03-2010,1990484.00,0,57.56,2.667,211,8.324
2,19-03-2010,1946071.00,0,54.52,2.72,211,8.324
2,26-03-2010,1750198.00,0,51.26,2.732,211,8.324
2,02-04-2010,2066188.00,0,63.27,2.719,210,8.2
2,09-04-2010,1954689.00,0,65.41,2.77,210,8.2
2,16-04-2010,1874958.00,0,68.07,2.808,210,8.2
2,23-04-2010,1821991.00,0,65.11,2.795,210,8.2
2,30-04-2010,1802450.00,0,66.98,2.78,210,8.2
2,07-05-2010,2042582.00,0,71.28,2.835,210,8.2
2,14-05-2010,1880752.00,0,73.31,2.854,210,8.2
2,21-05-2010,1896937.00,0,74.83,2.826,210,8.2
2,28-05-2010,1957114.00,0,81.13,2.759,211,8.2
2,04-06-2010,2102540.00,0,81.81,2.705,211,8.2
2,11-06-2010,2025539.00,0,83.40,2.668,211,8.2
2,18-06-2010,2001637.00,0,85.81,2.637,211,8.2
2,25-06-2010,1939927.00,0,86.26,2.653,211,8.2
2,02-07-2010,2003941.00,0,82.74,2.669,211,8.099
2,09-07-2010,1880903.00,0,82.59,2.642,211,8.099
2,16-07-2010,1845880.00,0,85.32,2.623,211,8.099
2,23-07-2010,1781718.00,0,87.66,2.608,211,8.099
2,30-07-2010,1804246.00,0,83.49,2.64,211,8.099
2,06-08-2010,1991910.00,0,89.53,2.627,211,8.099
2,13-08-2010,1895601.00,0,89.05,2.692,211,8.099
2,20-08-2010,1964335.00,0,88.70,2.664,211,8.099
2,27-08-2010,1863840.00,0,87.12,2.619,211,8.099
2,03-09-2010,1904608.00,0,81.83,2.577,211,8.099
2,10-09-2010,1839129.00,1,79.09,2.565,211,8.099
2,17-09-2010,1793904.00,0,82.05,2.582,211,8.099
2,24-09-2010,1724557.00,0,81.79,2.624,211,8.099
2,01-10-2010,1827440.00,0,69.24,2.603,211,8.163
2,08-10-2010,1849921.00,0,63.19,2.633,211,8.163
2,15-10-2010,1794355.00,0,65.80,2.72,211,8.163
2,22-10-2010,1737948.00,0,68.50,2.725,212,8.163
2,29-10-2010,1802755.00,0,66.24,2.716,212,8.163
2,05-11-2010,1939061.00,0,57.85,2.689,212,8.163
2,12-11-2010,1916813.00,0,59.69,2.728,212,8.163
2,19-11-2010,1956739.00,0,50.81,2.771,212,8.163
2,26-11-2010,2658725.00,1,62.98,2.735,211,8.163
2,03-12-2010,2015781.00,0,49.33,2.708,211,8.163
2,10-12-2010,2378727.00,0,45.50,2.843,211,8.163
2,17-12-2010,2609167.00,0,47.55,2.869,211,8.163
2,24-12-2010,3436008.00,0,49.97,2.886,211,8.163
2,31-12-2010,1750435.00,1,47.30,2.943,211,8.163
2,07-01-2011,1758051.00,0,44.69,2.976,211,8.028
2,14-01-2011,1744194.00,0,33.02,2.983,211,8.028
2,21-01-2011,1751385.00,0,41.40,3.016,211,8.028
2,28-01-2011,1695372.00,0,42.83,3.01,212,8.028
2,04-02-2011,1929346.00,0,38.25,2.989,212,8.028
2,11-02-2011,2168042.00,1,33.19,3.022,213,8.028
2,18-02-2011,2080885.00,0,57.83,3.045,213,8.028
2,25-02-2011,1833511.00,0,60.80,3.065,213,8.028
2,04-03-2011,1981608.00,0,57.77,3.288,213,8.028
2,11-03-2011,1879107.00,0,52.70,3.459,214,8.028
2,18-03-2011,1902558.00,0,62.32,3.488,214,8.028
2,25-03-2011,1766162.00,0,69.42,3.473,214,8.028
2,01-04-2011,1800171.00,0,55.43,3.524,214,7.931
2,08-04-2011,1847553.00,0,67.00,3.622,215,7.931
2,15-04-2011,1856468.00,0,69.48,3.743,215,7.931
2,22-04-2011,1886340.00,0,69.39,3.807,215,7.931
2,29-04-2011,1745545.00,0,69.21,3.81,215,7.931
2,06-05-2011,1837744.00,0,61.48,3.906,215,7.931
2,13-05-2011,1838513.00,0,74.61,3.899,216,7.931
2,20-05-2011,1688282.00,0,67.14,3.907,215,7.931
2,27-05-2011,1797733.00,0,76.42,3.786,215,7.931
2,03-06-2011,1933756.00,0,83.07,3.699,215,7.931
2,10-06-2011,1929153.00,0,83.40,3.648,215,7.931
2,17-06-2011,1953772.00,0,86.53,3.637,215,7.931
2,24-06-2011,1790926.00,0,85.17,3.594,215,7.931
2,01-07-2011,1866243.00,0,85.69,3.524,215,7.852
2,08-07-2011,1853162.00,0,87.70,3.48,215,7.852
2,15-07-2011,1785187.00,0,89.83,3.575,215,7.852
2,22-07-2011,1743816.00,0,89.34,3.651,215,7.852
2,29-07-2011,1680693.00,0,90.07,3.682,215,7.852
2,05-08-2011,1876704.00,0,93.34,3.684,215,7.852
2,12-08-2011,1812768.00,0,91.58,3.638,215,7.852
2,19-08-2011,1844095.00,0,89.86,3.554,215,7.852
2,26-08-2011,1821140.00,0,90.45,3.523,215,7.852
2,02-09-2011,1809120.00,0,89.64,3.533,215,7.852
2,09-09-2011,1748001.00,1,77.97,3.546,216,7.852
2,16-09-2011,1691440.00,0,78.85,3.526,216,7.852
2,23-09-2011,1669300.00,0,75.58,3.467,216,7.852
2,30-09-2011,1650394.00,0,78.14,3.355,216,7.852
2,07-10-2011,1837553.00,0,69.92,3.285,217,7.441
2,14-10-2011,1743882.00,0,71.67,3.274,217,7.441
2,21-10-2011,1834680.00,0,64.53,3.353,217,7.441
2,28-10-2011,1769296.00,0,65.87,3.372,217,7.441
2,04-11-2011,1959708.00,0,55.53,3.332,217,7.441
2,11-11-2011,1920725.00,0,59.33,3.297,218,7.441
2,18-11-2011,1902763.00,0,62.01,3.308,218,7.441
2,25-11-2011,2614202.00,1,56.36,3.236,218,7.441
2,02-12-2011,1954952.00,0,48.74,3.172,218,7.441
2,09-12-2011,2290549.00,0,41.76,3.158,219,7.441
2,16-12-2011,2432737.00,0,50.13,3.159,219,7.441
2,23-12-2011,3224370.00,0,46.66,3.112,219,7.441
2,30-12-2011,1874227.00,1,44.57,3.129,219,7.441
2,06-01-2012,1799520.00,0,46.75,3.157,219,7.057
2,13-01-2012,1744725.00,0,45.99,3.261,220,7.057
2,20-01-2012,1711769.00,0,51.70,3.268,220,7.057
2,27-01-2012,1660906.00,0,50.50,3.29,220,7.057
2,03-02-2012,1935300.00,0,55.21,3.36,220,7.057
2,10-02-2012,2103323.00,1,46.98,3.409,220,7.057
2,17-02-2012,2196688.00,0,43.82,3.51,220,7.057
2,24-02-2012,1861803.00,0,54.63,3.555,220,7.057
2,02-03-2012,1952556.00,0,58.79,3.63,220,7.057
2,09-03-2012,1937628.00,0,57.11,3.669,221,7.057
2,16-03-2012,1976082.00,0,63.68,3.734,221,7.057
2,23-03-2012,1790439.00,0,64.01,3.787,221,7.057
2,30-03-2012,1857481.00,0,66.83,3.845,221,7.057
2,06-04-2012,2129036.00,0,68.43,3.891,221,6.891
2,13-04-2012,1935869.00,0,68.08,3.891,221,6.891
2,20-04-2012,1847344.00,0,65.69,3.877,221,6.891
2,27-04-2012,1764133.00,0,67.20,3.814,221,6.891
2,04-05-2012,1923957.00,0,76.73,3.749,221,6.891
2,11-05-2012,1917521.00,0,73.87,3.688,221,6.891
2,18-05-2012,2000941.00,0,71.27,3.63,221,6.891
2,25-05-2012,1912791.00,0,78.19,3.561,221,6.891
2,01-06-2012,1910092.00,0,78.38,3.501,221,6.891
2,08-06-2012,2010216.00,0,78.69,3.452,221,6.891
2,15-06-2012,1962924.00,0,80.56,3.393,221,6.891
2,22-06-2012,1887733.00,0,81.04,3.346,221,6.891
2,29-06-2012,1881046.00,0,86.32,3.286,221,6.891
2,06-07-2012,2041507.00,0,84.20,3.227,222,6.565
2,13-07-2012,1830075.00,0,80.17,3.256,222,6.565
2,20-07-2012,1819666.00,0,83.23,3.311,222,6.565
2,27-07-2012,1757924.00,0,86.37,3.407,222,6.565
2,03-08-2012,1946105.00,0,90.22,3.417,222,6.565
2,10-08-2012,1866720.00,0,88.55,3.494,222,6.565
2,17-08-2012,1928016.00,0,84.79,3.571,222,6.565
2,24-08-2012,1876788.00,0,76.91,3.62,222,6.565
2,31-08-2012,1947083.00,0,82.64,3.638,222,6.565
2,07-09-2012,1898777.00,1,87.65,3.73,222,6.565
2,14-09-2012,1814807.00,0,75.88,3.717,222,6.565
2,21-09-2012,1829416.00,0,71.09,3.721,222,6.565
2,28-09-2012,1746471.00,0,79.45,3.666,223,6.565
2,05-10-2012,1998321.00,0,70.27,3.617,223,6.17
2,12-10-2012,1900745.00,0,60.97,3.601,223,6.17
2,19-10-2012,1847990.00,0,68.08,3.594,223,6.17
2,26-10-2012,1834458.00,0,69.79,3.506,223,6.17
3,05-02-2010,461622.00,0,45.71,2.572,214,7.368
3,12-02-2010,420729.00,1,47.93,2.548,215,7.368
3,19-02-2010,421642.00,0,47.07,2.514,215,7.368
3,26-02-2010,407205.00,0,52.05,2.561,215,7.368
3,05-03-2010,415202.00,0,53.04,2.625,215,7.368
3,12-03-2010,384201.00,0,63.08,2.667,215,7.368
3,19-03-2010,375329.00,0,60.42,2.72,215,7.368
3,26-03-2010,359949.00,0,57.06,2.732,214,7.368
3,02-04-2010,423294.00,0,65.56,2.719,214,7.343
3,09-04-2010,415870.00,0,68.00,2.77,214,7.343
3,16-04-2010,354993.00,0,66.98,2.808,214,7.343
3,23-04-2010,339977.00,0,67.87,2.795,214,7.343
3,30-04-2010,361248.00,0,70.24,2.78,214,7.343
3,07-05-2010,399324.00,0,73.47,2.835,214,7.343
3,14-05-2010,384358.00,0,77.18,2.854,214,7.343
3,21-05-2010,343763.00,0,75.81,2.826,214,7.343
3,28-05-2010,350089.00,0,78.60,2.759,214,7.343
3,04-06-2010,396969.00,0,78.53,2.705,214,7.343
3,11-06-2010,355017.00,0,82.10,2.668,215,7.343
3,18-06-2010,364077.00,0,83.52,2.637,215,7.343
3,25-06-2010,357346.00,0,83.79,2.653,215,7.343
3,02-07-2010,381152.00,0,82.20,2.669,215,7.346
3,09-07-2010,349214.00,0,81.75,2.642,214,7.346
3,16-07-2010,352729.00,0,84.32,2.623,214,7.346
3,23-07-2010,352864.00,0,83.32,2.608,215,7.346
3,30-07-2010,347955.00,0,82.04,2.64,215,7.346
3,06-08-2010,402636.00,0,85.13,2.627,215,7.346
3,13-08-2010,339597.00,0,86.74,2.692,215,7.346
3,20-08-2010,351728.00,0,88.02,2.664,215,7.346
3,27-08-2010,362134.00,0,86.15,2.619,215,7.346
3,03-09-2010,366474.00,0,84.16,2.577,215,7.346
3,10-09-2010,352261.00,1,80.84,2.565,215,7.346
3,17-09-2010,363065.00,0,82.36,2.582,215,7.346
3,24-09-2010,355627.00,0,76.90,2.624,215,7.346
3,01-10-2010,358784.00,0,73.60,2.603,215,7.564
3,08-10-2010,395107.00,0,66.99,2.633,215,7.564
3,15-10-2010,345584.00,0,69.71,2.72,215,7.564
3,22-10-2010,348896.00,0,71.64,2.725,215,7.564
3,29-10-2010,348592.00,0,72.04,2.716,215,7.564
3,05-11-2010,423176.00,0,62.94,2.689,215,7.564
3,12-11-2010,386635.00,0,62.79,2.728,215,7.564
3,19-11-2010,372545.00,0,57.72,2.771,215,7.564
3,26-11-2010,565568.00,1,68.71,2.735,215,7.564
3,03-12-2010,476421.00,0,53.76,2.708,215,7.564
3,10-12-2010,467642.00,0,51.13,2.843,215,7.564
3,17-12-2010,498159.00,0,52.20,2.869,215,7.564
3,24-12-2010,605990.00,0,57.16,2.886,215,7.564
3,31-12-2010,382678.00,1,53.20,2.943,215,7.564
3,07-01-2011,378241.00,0,53.35,2.976,215,7.551
3,14-01-2011,381061.00,0,44.76,2.983,215,7.551
3,21-01-2011,350877.00,0,50.74,3.016,215,7.551
3,28-01-2011,364866.00,0,48.71,3.01,216,7.551
3,04-02-2011,438517.00,0,45.95,2.989,216,7.551
3,11-02-2011,430526.00,1,43.57,3.022,216,7.551
3,18-02-2011,432782.00,0,61.58,3.045,217,7.551
3,25-02-2011,397211.00,0,67.40,3.065,217,7.551
3,04-03-2011,437085.00,0,65.11,3.288,217,7.551
3,11-03-2011,404753.00,0,61.29,3.459,217,7.551
3,18-03-2011,392110.00,0,69.47,3.488,218,7.551
3,25-03-2011,380684.00,0,72.94,3.473,218,7.551
3,01-04-2011,374556.00,0,68.76,3.524,218,7.574
3,08-04-2011,384075.00,0,72.55,3.622,218,7.574
3,15-04-2011,366251.00,0,75.88,3.743,219,7.574
3,22-04-2011,391860.00,0,76.91,3.807,219,7.574
3,29-04-2011,367405.00,0,78.69,3.81,219,7.574
3,06-05-2011,413042.00,0,69.45,3.906,219,7.574
3,13-05-2011,386313.00,0,79.87,3.899,219,7.574
3,20-05-2011,364603.00,0,75.79,3.907,219,7.574
3,27-05-2011,369351.00,0,84.41,3.786,219,7.574
3,03-06-2011,394508.00,0,84.29,3.699,219,7.574
3,10-06-2011,391639.00,0,84.84,3.648,218,7.574
3,17-06-2011,403423.00,0,86.96,3.637,218,7.574
3,24-06-2011,385521.00,0,84.94,3.594,218,7.574
3,01-07-2011,368963.00,0,85.10,3.524,219,7.567
3,08-07-2011,395146.00,0,85.38,3.48,219,7.567
3,15-07-2011,373454.00,0,87.14,3.575,219,7.567
3,22-07-2011,360617.00,0,86.19,3.651,219,7.567
3,29-07-2011,345381.00,0,88.07,3.682,219,7.567
3,05-08-2011,409981.00,0,88.45,3.684,219,7.567
3,12-08-2011,380377.00,0,88.88,3.638,219,7.567
3,19-08-2011,379717.00,0,88.44,3.554,219,7.567
3,26-08-2011,366368.00,0,87.67,3.523,219,7.567
3,02-09-2011,375989.00,0,89.12,3.533,219,7.567
3,09-09-2011,377347.00,1,81.72,3.546,219,7.567
3,16-09-2011,375630.00,0,83.63,3.526,219,7.567
3,23-09-2011,365249.00,0,80.19,3.467,220,7.567
3,30-09-2011,368478.00,0,82.58,3.355,220,7.567
3,07-10-2011,403342.00,0,75.54,3.285,220,7.197
3,14-10-2011,368283.00,0,73.75,3.274,221,7.197
3,21-10-2011,394976.00,0,69.03,3.353,221,7.197
3,28-10-2011,389541.00,0,71.04,3.372,221,7.197
3,04-11-2011,459443.00,0,59.31,3.332,221,7.197
3,11-11-2011,407764.00,0,61.70,3.297,221,7.197
3,18-11-2011,398839.00,0,63.91,3.308,222,7.197
3,25-11-2011,556925.00,1,68.00,3.236,222,7.197
3,02-12-2011,472511.00,0,54.97,3.172,222,7.197
3,09-12-2011,468773.00,0,49.26,3.158,222,7.197
3,16-12-2011,510748.00,0,57.95,3.159,223,7.197
3,23-12-2011,551221.00,0,53.41,3.112,223,7.197
3,30-12-2011,410554.00,1,48.29,3.129,223,7.197
3,06-01-2012,398178.00,0,52.42,3.157,223,6.833
3,13-01-2012,367439.00,0,51.86,3.261,223,6.833
3,20-01-2012,365819.00,0,56.20,3.268,223,6.833
3,27-01-2012,349518.00,0,58.06,3.29,224,6.833
3,03-02-2012,424961.00,0,59.33,3.36,224,6.833
3,10-02-2012,473292.00,1,51.65,3.409,224,6.833
3,17-02-2012,475591.00,0,52.39,3.51,224,6.833
3,24-02-2012,418925.00,0,60.12,3.555,224,6.833
3,02-03-2012,469753.00,0,61.65,3.63,224,6.833
3,09-03-2012,445162.00,0,60.71,3.669,225,6.833
3,16-03-2012,411776.00,0,64.00,3.734,225,6.833
3,23-03-2012,413907.00,0,66.53,3.787,225,6.833
3,30-03-2012,407489.00,0,69.36,3.845,225,6.833
3,06-04-2012,503232.00,0,73.01,3.891,225,6.664
3,13-04-2012,420790.00,0,72.83,3.891,225,6.664
3,20-04-2012,434822.00,0,72.05,3.877,225,6.664
3,27-04-2012,394616.00,0,73.39,3.814,225,6.664
3,04-05-2012,439914.00,0,79.51,3.749,225,6.664
3,11-05-2012,431985.00,0,75.19,3.688,225,6.664
3,18-05-2012,418113.00,0,72.38,3.63,225,6.664
3,25-05-2012,413701.00,0,78.58,3.561,225,6.664
3,01-06-2012,432269.00,0,81.55,3.501,225,6.664
3,08-06-2012,446337.00,0,81.65,3.452,225,6.664
3,15-06-2012,442075.00,0,84.66,3.393,225,6.664
3,22-06-2012,419498.00,0,82.70,3.346,225,6.664
3,29-06-2012,422965.00,0,86.42,3.286,225,6.664
3,06-07-2012,411207.00,0,83.14,3.227,225,6.334
3,13-07-2012,416913.00,0,82.28,3.256,225,6.334
3,20-07-2012,432425.00,0,81.38,3.311,225,6.334
3,27-07-2012,389428.00,0,84.94,3.407,225,6.334
3,03-08-2012,419990.00,0,86.55,3.417,225,6.334
3,10-08-2012,391812.00,0,85.85,3.494,225,6.334
3,17-08-2012,394919.00,0,87.36,3.571,226,6.334
3,24-08-2012,412450.00,0,83.01,3.62,226,6.334
3,31-08-2012,408839.00,0,85.18,3.638,226,6.334
3,07-09-2012,408230.00,1,84.99,3.73,226,6.334
3,14-09-2012,407589.00,0,78.36,3.717,226,6.334
3,21-09-2012,414392.00,0,72.78,3.721,226,6.334
3,28-09-2012,389813.00,0,77.46,3.666,227,6.334
3,05-10-2012,443558.00,0,72.74,3.617,227,6.034
3,12-10-2012,410804.00,0,70.31,3.601,227,6.034
3,19-10-2012,424513.00,0,73.44,3.594,227,6.034
3,26-10-2012,405433.00,0,74.66,3.506,227,6.034
4,05-02-2010,2135144.00,0,43.76,2.598,126,8.623
4,12-02-2010,2188307.00,1,28.84,2.573,126,8.623
4,19-02-2010,2049860.00,0,36.45,2.54,127,8.623
4,26-02-2010,1925729.00,0,41.36,2.59,127,8.623
4,05-03-2010,1971057.00,0,43.49,2.654,127,8.623
4,12-03-2010,1894324.00,0,49.63,2.704,127,8.623
4,19-03-2010,1897429.00,0,55.19,2.743,127,8.623
4,26-03-2010,1762539.00,0,39.91,2.752,127,8.623
4,02-04-2010,1979247.00,0,48.77,2.74,127,7.896
4,09-04-2010,1818453.00,0,54.16,2.773,127,7.896
4,16-04-2010,1851520.00,0,56.23,2.81,127,7.896
4,23-04-2010,1802678.00,0,56.87,2.805,126,7.896
4,30-04-2010,1817273.00,0,53.04,2.787,126,7.896
4,07-05-2010,2000626.00,0,56.77,2.836,126,7.896
4,14-05-2010,1875597.00,0,62.35,2.845,126,7.896
4,21-05-2010,1903753.00,0,67.40,2.82,126,7.896
4,28-05-2010,1857534.00,0,67.73,2.756,126,7.896
4,04-06-2010,1903291.00,0,70.83,2.701,126,7.896
4,11-06-2010,1870619.00,0,78.45,2.668,126,7.896
4,18-06-2010,1929736.00,0,81.53,2.635,126,7.896
4,25-06-2010,1846652.00,0,81.10,2.654,126,7.896
4,02-07-2010,1881337.00,0,73.66,2.668,126,7.372
4,09-07-2010,1812208.00,0,80.35,2.637,126,7.372
4,16-07-2010,1898428.00,0,78.53,2.621,126,7.372
4,23-07-2010,1848427.00,0,79.78,2.612,126,7.372
4,30-07-2010,1796638.00,0,80.70,2.65,126,7.372
4,06-08-2010,1907639.00,0,76.53,2.64,126,7.372
4,13-08-2010,2007051.00,0,78.08,2.698,126,7.372
4,20-08-2010,1997181.00,0,78.83,2.671,126,7.372
4,27-08-2010,1848404.00,0,74.44,2.621,126,7.372
4,03-09-2010,1935858.00,0,76.80,2.584,126,7.372
4,10-09-2010,1865821.00,1,73.54,2.574,126,7.372
4,17-09-2010,1899960.00,0,64.91,2.594,126,7.372
4,24-09-2010,1810685.00,0,60.96,2.642,126,7.372
4,01-10-2010,1842821.00,0,63.96,2.619,126,7.127
4,08-10-2010,1951495.00,0,67.73,2.645,126,7.127
4,15-10-2010,1867345.00,0,62.03,2.732,126,7.127
4,22-10-2010,1927610.00,0,64.17,2.736,126,7.127
4,29-10-2010,1933333.00,0,56.94,2.718,126,7.127
4,05-11-2010,2013116.00,0,51.60,2.699,126,7.127
4,12-11-2010,1999794.00,0,52.65,2.741,127,7.127
4,19-11-2010,2097809.00,0,48.05,2.78,127,7.127
4,26-11-2010,2789469.00,1,48.08,2.752,127,7.127
4,03-12-2010,2102530.00,0,46.40,2.727,127,7.127
4,10-12-2010,2302505.00,0,42.40,2.86,127,7.127
4,17-12-2010,2740057.00,0,46.57,2.884,127,7.127
4,24-12-2010,3526713.00,0,43.21,2.887,127,7.127
4,31-12-2010,1794869.00,1,38.09,2.955,127,7.127
4,07-01-2011,1862476.00,0,39.34,2.98,127,6.51
4,14-01-2011,1865502.00,0,31.60,2.992,127,6.51
4,21-01-2011,1886394.00,0,38.34,3.017,127,6.51
4,28-01-2011,1814241.00,0,40.60,3.022,128,6.51
4,04-02-2011,2119086.00,0,34.61,2.996,128,6.51
4,11-02-2011,2187847.00,1,33.29,3.033,128,6.51
4,18-02-2011,2316496.00,0,48.17,3.058,128,6.51
4,25-02-2011,2078095.00,0,49.00,3.087,128,6.51
4,04-03-2011,2103456.00,0,46.56,3.305,128,6.51
4,11-03-2011,2039818.00,0,50.93,3.461,128,6.51
4,18-03-2011,2116475.00,0,51.86,3.495,129,6.51
4,25-03-2011,1944164.00,0,59.10,3.48,129,6.51
4,01-04-2011,1900246.00,0,56.99,3.521,129,5.946
4,08-04-2011,2074953.00,0,62.61,3.605,129,5.946
4,15-04-2011,1960588.00,0,62.34,3.724,129,5.946
4,22-04-2011,2220601.00,0,68.80,3.781,129,5.946
4,29-04-2011,1878167.00,0,64.22,3.781,129,5.946
4,06-05-2011,2063683.00,0,63.41,3.866,129,5.946
4,13-05-2011,2002362.00,0,70.65,3.872,129,5.946
4,20-05-2011,2015563.00,0,70.49,3.881,129,5.946
4,27-05-2011,1986598.00,0,73.65,3.771,129,5.946
4,03-06-2011,2065377.00,0,78.26,3.683,129,5.946
4,10-06-2011,2073951.00,0,80.05,3.64,129,5.946
4,17-06-2011,2141211.00,0,83.51,3.618,129,5.946
4,24-06-2011,2008345.00,0,81.85,3.57,129,5.946
4,01-07-2011,2051534.00,0,84.54,3.504,129,5.644
4,08-07-2011,2066542.00,0,84.59,3.469,129,5.644
4,15-07-2011,2049047.00,0,83.27,3.563,129,5.644
4,22-07-2011,2036231.00,0,82.84,3.627,129,5.644
4,29-07-2011,1989674.00,0,84.36,3.659,129,5.644
4,05-08-2011,2160057.00,0,86.09,3.662,129,5.644
4,12-08-2011,2105669.00,0,82.98,3.617,129,5.644
4,19-08-2011,2232892.00,0,82.77,3.55,129,5.644
4,26-08-2011,1988490.00,0,81.47,3.523,129,5.644
4,02-09-2011,2078420.00,0,77.99,3.533,129,5.644
4,09-09-2011,2093139.00,1,73.34,3.554,129,5.644
4,16-09-2011,2075577.00,0,72.76,3.532,129,5.644
4,23-09-2011,2031406.00,0,69.23,3.473,130,5.644
4,30-09-2011,1929487.00,0,72.15,3.371,130,5.644
4,07-10-2011,2166738.00,0,65.79,3.299,130,5.143
4,14-10-2011,2074549.00,0,63.75,3.283,130,5.143
4,21-10-2011,2207742.00,0,64.79,3.361,130,5.143
4,28-10-2011,2151660.00,0,55.31,3.362,130,5.143
4,04-11-2011,2281217.00,0,49.86,3.322,130,5.143
4,11-11-2011,2203029.00,0,47.12,3.286,130,5.143
4,18-11-2011,2243947.00,0,50.44,3.294,130,5.143
4,25-11-2011,3004702.00,1,47.96,3.225,130,5.143
4,02-12-2011,2180999.00,0,38.71,3.176,130,5.143
4,09-12-2011,2508955.00,0,31.64,3.153,130,5.143
4,16-12-2011,2771397.00,0,36.44,3.149,130,5.143
4,23-12-2011,3676389.00,0,35.92,3.103,130,5.143
4,30-12-2011,2007106.00,1,36.89,3.119,130,5.143
4,06-01-2012,2047766.00,0,38.64,3.158,130,4.607
4,13-01-2012,1941677.00,0,34.41,3.263,130,4.607
4,20-01-2012,2005098.00,0,42.09,3.273,130,4.607
4,27-01-2012,1928721.00,0,40.31,3.29,130,4.607
4,03-02-2012,2173374.00,0,41.81,3.354,130,4.607
4,10-02-2012,2374661.00,1,33.00,3.411,130,4.607
4,17-02-2012,2427640.00,0,34.19,3.493,130,4.607
4,24-02-2012,2226662.00,0,41.31,3.541,131,4.607
4,02-03-2012,2206320.00,0,50.38,3.619,131,4.607
4,09-03-2012,2202451.00,0,53.63,3.667,131,4.607
4,16-03-2012,2214967.00,0,59.81,3.707,131,4.607
4,23-03-2012,2091593.00,0,59.07,3.759,131,4.607
4,30-03-2012,2089382.00,0,72.63,3.82,131,4.607
4,06-04-2012,2470206.00,0,67.69,3.864,131,4.308
4,13-04-2012,2105301.00,0,68.69,3.881,131,4.308
4,20-04-2012,2144337.00,0,68.60,3.864,131,4.308
4,27-04-2012,2064066.00,0,76.47,3.81,131,4.308
4,04-05-2012,2196968.00,0,80.14,3.747,131,4.308
4,11-05-2012,2127661.00,0,67.64,3.685,131,4.308
4,18-05-2012,2207215.00,0,68.43,3.62,131,4.308
4,25-05-2012,2154138.00,0,77.47,3.551,131,4.308
4,01-06-2012,2179361.00,0,77.41,3.483,131,4.308
4,08-06-2012,2245257.00,0,78.11,3.433,131,4.308
4,15-06-2012,2234191.00,0,80.94,3.372,131,4.308
4,22-06-2012,2197300.00,0,81.63,3.329,131,4.308
4,29-06-2012,2128363.00,0,84.23,3.257,131,4.308
4,06-07-2012,2224499.00,0,80.37,3.187,131,4.077
4,13-07-2012,2100253.00,0,76.86,3.224,131,4.077
4,20-07-2012,2175564.00,0,79.14,3.263,131,4.077
4,27-07-2012,2048614.00,0,81.06,3.356,131,4.077
4,03-08-2012,2174514.00,0,83.86,3.374,131,4.077
4,10-08-2012,2193368.00,0,83.21,3.476,131,4.077
4,17-08-2012,2283540.00,0,81.41,3.552,131,4.077
4,24-08-2012,2125242.00,0,75.76,3.61,131,4.077
4,31-08-2012,2081181.00,0,76.47,3.646,131,4.077
4,07-09-2012,2125105.00,1,82.09,3.709,131,4.077
4,14-09-2012,2117855.00,0,68.20,3.706,131,4.077
4,21-09-2012,2119439.00,0,68.97,3.721,131,4.077
4,28-09-2012,2027620.00,0,71.74,3.666,131,4.077
4,05-10-2012,2209835.00,0,63.07,3.62,131,3.879
4,12-10-2012,2133026.00,0,57.11,3.603,131,3.879
4,19-10-2012,2097267.00,0,64.46,3.61,131,3.879
4,26-10-2012,2149594.00,0,63.64,3.514,131,3.879
5,05-02-2010,317173.00,0,39.70,2.572,212,6.566
5,12-02-2010,311826.00,1,39.81,2.548,212,6.566
5,19-02-2010,303448.00,0,41.14,2.514,212,6.566
5,26-02-2010,270282.00,0,46.70,2.561,212,6.566
5,05-03-2010,288856.00,0,48.89,2.625,212,6.566
5,12-03-2010,297294.00,0,58.50,2.667,212,6.566
5,19-03-2010,281706.00,0,55.46,2.72,212,6.566
5,26-03-2010,273283.00,0,52.47,2.732,212,6.566
5,02-04-2010,331406.00,0,63.18,2.719,211,6.465
5,09-04-2010,328020.00,0,65.19,2.77,211,6.465
5,16-04-2010,306859.00,0,65.30,2.808,211,6.465
5,23-04-2010,288840.00,0,65.13,2.795,211,6.465
5,30-04-2010,298698.00,0,67.53,2.78,211,6.465
5,07-05-2010,333523.00,0,71.53,2.835,211,6.465
5,14-05-2010,296674.00,0,74.79,2.854,211,6.465
5,21-05-2010,301615.00,0,75.20,2.826,211,6.465
5,28-05-2010,310013.00,0,79.81,2.759,211,6.465
5,04-06-2010,337826.00,0,79.54,2.705,212,6.465
5,11-06-2010,296642.00,0,80.70,2.668,212,6.465
5,18-06-2010,313796.00,0,83.91,2.637,212,6.465
5,25-06-2010,295257.00,0,83.72,2.653,212,6.465
5,02-07-2010,305993.00,0,81.25,2.669,212,6.496
5,09-07-2010,291809.00,0,81.14,2.642,212,6.496
5,16-07-2010,280702.00,0,83.98,2.623,212,6.496
5,23-07-2010,274743.00,0,83.66,2.608,212,6.496
5,30-07-2010,268929.00,0,82.46,2.64,212,6.496
5,06-08-2010,303043.00,0,86.10,2.627,212,6.496
5,13-08-2010,286477.00,0,87.41,2.692,212,6.496
5,20-08-2010,287205.00,0,87.71,2.664,212,6.496
5,27-08-2010,288520.00,0,87.05,2.619,212,6.496
5,03-09-2010,323798.00,0,84.06,2.577,212,6.496
5,10-09-2010,306533.00,1,79.86,2.565,212,6.496
5,17-09-2010,282559.00,0,82.28,2.582,212,6.496
5,24-09-2010,293132.00,0,78.53,2.624,212,6.496
5,01-10-2010,283178.00,0,71.10,2.603,212,6.768
5,08-10-2010,290495.00,0,64.99,2.633,212,6.768
5,15-10-2010,280681.00,0,68.11,2.72,212,6.768
5,22-10-2010,284988.00,0,70.96,2.725,212,6.768
5,29-10-2010,278032.00,0,70.58,2.716,212,6.768
5,05-11-2010,325310.00,0,58.88,2.689,213,6.768
5,12-11-2010,301827.00,0,62.37,2.728,213,6.768
5,19-11-2010,297385.00,0,52.52,2.771,212,6.768
5,26-11-2010,488363.00,1,66.15,2.735,212,6.768
5,03-12-2010,344491.00,0,51.31,2.708,212,6.768
5,10-12-2010,352812.00,0,48.27,2.843,212,6.768
5,17-12-2010,367801.00,0,51.61,2.869,212,6.768
5,24-12-2010,466010.00,0,55.01,2.886,212,6.768
5,31-12-2010,298180.00,1,49.79,2.943,212,6.768
5,07-01-2011,286347.00,0,48.30,2.976,212,6.634
5,14-01-2011,260637.00,0,37.74,2.983,212,6.634
5,21-01-2011,275313.00,0,45.41,3.016,212,6.634
5,28-01-2011,279088.00,0,44.50,3.01,213,6.634
5,04-02-2011,329613.00,0,41.67,2.989,213,6.634
5,11-02-2011,311591.00,1,38.25,3.022,213,6.634
5,18-02-2011,356623.00,0,58.83,3.045,214,6.634
5,25-02-2011,294660.00,0,63.35,3.065,214,6.634
5,04-03-2011,329034.00,0,60.35,3.288,214,6.634
5,11-03-2011,293098.00,0,55.74,3.459,215,6.634
5,18-03-2011,312178.00,0,64.31,3.488,215,6.634
5,25-03-2011,294733.00,0,70.71,3.473,215,6.634
5,01-04-2011,314317.00,0,61.50,3.524,215,6.489
5,08-04-2011,307334.00,0,69.64,3.622,216,6.489
5,15-04-2011,307914.00,0,72.02,3.743,216,6.489
5,22-04-2011,328415.00,0,74.34,3.807,216,6.489
5,29-04-2011,307292.00,0,74.75,3.81,216,6.489
5,06-05-2011,322905.00,0,66.27,3.906,216,6.489
5,13-05-2011,290930.00,0,77.38,3.899,217,6.489
5,20-05-2011,299614.00,0,71.37,3.907,216,6.489
5,27-05-2011,297150.00,0,80.14,3.786,216,6.489
5,03-06-2011,329184.00,0,83.81,3.699,216,6.489
5,10-06-2011,304984.00,0,83.61,3.648,216,6.489
5,17-06-2011,304812.00,0,86.84,3.637,216,6.489
5,24-06-2011,302882.00,0,84.76,3.594,216,6.489
5,01-07-2011,327094.00,0,85.81,3.524,216,6.529
5,08-07-2011,310805.00,0,86.64,3.48,216,6.529
5,15-07-2011,283249.00,0,88.64,3.575,216,6.529
5,22-07-2011,292540.00,0,86.97,3.651,216,6.529
5,29-07-2011,275142.00,0,89.42,3.682,216,6.529
5,05-08-2011,317739.00,0,91.07,3.684,216,6.529
5,12-08-2011,289886.00,0,90.16,3.638,216,6.529
5,19-08-2011,303644.00,0,89.35,3.554,216,6.529
5,26-08-2011,310338.00,0,89.18,3.523,216,6.529
5,02-09-2011,315646.00,0,90.38,3.533,216,6.529
5,09-09-2011,321110.00,1,79.04,3.546,216,6.529
5,16-09-2011,278530.00,0,83.55,3.526,217,6.529
5,23-09-2011,291025.00,0,78.01,3.467,217,6.529
5,30-09-2011,292315.00,0,81.16,3.355,217,6.529
5,07-10-2011,309111.00,0,71.64,3.285,218,6.3
5,14-10-2011,286118.00,0,72.36,3.274,218,6.3
5,21-10-2011,306069.00,0,66.90,3.353,218,6.3
5,28-10-2011,307035.00,0,69.27,3.372,218,6.3
5,04-11-2011,353652.00,0,56.71,3.332,218,6.3
5,11-11-2011,311907.00,0,60.71,3.297,219,6.3
5,18-11-2011,307944.00,0,64.33,3.308,219,6.3
5,25-11-2011,507900.00,1,61.93,3.236,219,6.3
5,02-12-2011,376226.00,0,51.14,3.172,219,6.3
5,09-12-2011,367434.00,0,44.12,3.158,220,6.3
5,16-12-2011,379530.00,0,54.42,3.159,220,6.3
5,23-12-2011,458562.00,0,50.33,3.112,220,6.3
5,30-12-2011,349625.00,1,45.62,3.129,220,6.3
5,06-01-2012,312079.00,0,50.21,3.157,220,5.943
5,13-01-2012,291455.00,0,48.86,3.261,220,5.943
5,20-01-2012,287524.00,0,54.65,3.268,221,5.943
5,27-01-2012,295974.00,0,54.63,3.29,221,5.943
5,03-02-2012,333948.00,0,57.35,3.36,221,5.943
5,10-02-2012,349240.00,1,48.57,3.409,221,5.943
5,17-02-2012,356428.00,0,48.25,3.51,221,5.943
5,24-02-2012,312220.00,0,57.75,3.555,221,5.943
5,02-03-2012,359206.00,0,60.66,3.63,221,5.943
5,09-03-2012,347296.00,0,57.69,3.669,222,5.943
5,16-03-2012,339393.00,0,63.55,3.734,222,5.943
5,23-03-2012,321300.00,0,64.44,3.787,222,5.943
5,30-03-2012,331319.00,0,67.76,3.845,222,5.943
5,06-04-2012,402986.00,0,70.40,3.891,222,5.801
5,13-04-2012,351832.00,0,70.56,3.891,222,5.801
5,20-04-2012,330063.00,0,67.33,3.877,222,5.801
5,27-04-2012,324840.00,0,68.96,3.814,222,5.801
5,04-05-2012,360933.00,0,77.10,3.749,222,5.801
5,11-05-2012,333871.00,0,73.45,3.688,222,5.801
5,18-05-2012,336190.00,0,70.45,3.63,222,5.801
5,25-05-2012,341994.00,0,78.23,3.561,222,5.801
5,01-06-2012,359868.00,0,79.72,3.501,222,5.801
5,08-06-2012,341705.00,0,81.02,3.452,222,5.801
5,15-06-2012,327384.00,0,81.64,3.393,222,5.801
5,22-06-2012,325042.00,0,80.57,3.346,222,5.801
5,29-06-2012,329658.00,0,87.08,3.286,222,5.801
5,06-07-2012,341214.00,0,82.35,3.227,222,5.603
5,13-07-2012,316204.00,0,80.78,3.256,223,5.603
5,20-07-2012,321205.00,0,81.05,3.311,223,5.603
5,27-07-2012,306827.00,0,85.06,3.407,223,5.603
5,03-08-2012,324195.00,0,86.91,3.417,223,5.603
5,10-08-2012,306760.00,0,86.96,3.494,223,5.603
5,17-08-2012,314014.00,0,87.52,3.571,223,5.603
5,24-08-2012,320831.00,0,79.45,3.62,223,5.603
5,31-08-2012,344642.00,0,84.25,3.638,223,5.603
5,07-09-2012,350649.00,1,86.30,3.73,223,5.603
5,14-09-2012,299801.00,0,76.65,3.717,223,5.603
5,21-09-2012,307307.00,0,71.09,3.721,223,5.603
5,28-09-2012,310142.00,0,78.33,3.666,224,5.603
5,05-10-2012,343048.00,0,71.17,3.617,224,5.422
5,12-10-2012,325345.00,0,66.24,3.601,224,5.422
5,19-10-2012,313358.00,0,69.17,3.594,224,5.422
5,26-10-2012,319551.00,0,71.70,3.506,224,5.422
6,05-02-2010,1652635.00,0,40.43,2.572,213,7.259
6,12-02-2010,1606284.00,1,40.57,2.548,213,7.259
6,19-02-2010,1567138.00,0,43.58,2.514,213,7.259
6,26-02-2010,1432953.00,0,47.10,2.561,213,7.259
6,05-03-2010,1601349.00,0,49.63,2.625,213,7.259
6,12-03-2010,1558621.00,0,58.82,2.667,213,7.259
6,19-03-2010,1693059.00,0,56.55,2.72,213,7.259
6,26-03-2010,1472033.00,0,53.74,2.732,213,7.259
6,02-04-2010,1770334.00,0,64.94,2.719,212,7.092
6,09-04-2010,1667182.00,0,66.15,2.77,212,7.092
6,16-04-2010,1519846.00,0,65.68,2.808,212,7.092
6,23-04-2010,1540436.00,0,64.11,2.795,212,7.092
6,30-04-2010,1498080.00,0,68.91,2.78,212,7.092
6,07-05-2010,1619920.00,0,73.68,2.835,212,7.092
6,14-05-2010,1524059.00,0,74.95,2.854,212,7.092
6,21-05-2010,1531938.00,0,74.80,2.826,212,7.092
6,28-05-2010,1644471.00,0,78.89,2.759,212,7.092
6,04-06-2010,1857380.00,0,79.44,2.705,213,7.092
6,11-06-2010,1685652.00,0,81.81,2.668,213,7.092
6,18-06-2010,1677248.00,0,83.89,2.637,213,7.092
6,25-06-2010,1640682.00,0,84.20,2.653,213,7.092
6,02-07-2010,1759777.00,0,80.34,2.669,213,6.973
6,09-07-2010,1690318.00,0,80.93,2.642,213,6.973
6,16-07-2010,1560121.00,0,83.75,2.623,213,6.973
6,23-07-2010,1585241.00,0,83.90,2.608,213,6.973
6,30-07-2010,1532309.00,0,81.37,2.64,213,6.973
6,06-08-2010,1633242.00,0,86.61,2.627,213,6.973
6,13-08-2010,1547655.00,0,86.83,2.692,213,6.973
6,20-08-2010,1539931.00,0,87.36,2.664,213,6.973
6,27-08-2010,1450766.00,0,85.71,2.619,213,6.973
6,03-09-2010,1510925.00,0,82.15,2.577,213,6.973
6,10-09-2010,1424225.00,1,78.78,2.565,213,6.973
6,17-09-2010,1308538.00,0,81.78,2.582,213,6.973
6,24-09-2010,1275592.00,0,76.49,2.624,213,6.973
6,01-10-2010,1328469.00,0,70.69,2.603,213,7.007
6,08-10-2010,1360318.00,0,65.21,2.633,213,7.007
6,15-10-2010,1344581.00,0,68.93,2.72,213,7.007
6,22-10-2010,1332717.00,0,70.97,2.725,213,7.007
6,29-10-2010,1385324.00,0,70.39,2.716,213,7.007
6,05-11-2010,1505442.00,0,59.90,2.689,213,7.007
6,12-11-2010,1495536.00,0,62.11,2.728,214,7.007
6,19-11-2010,1518841.00,0,52.99,2.771,213,7.007
6,26-11-2010,2267452.00,1,65.79,2.735,213,7.007
6,03-12-2010,1677067.00,0,52.30,2.708,213,7.007
6,10-12-2010,1834738.00,0,48.46,2.843,213,7.007
6,17-12-2010,2090269.00,0,52.24,2.869,213,7.007
6,24-12-2010,2727575.00,0,55.07,2.886,213,7.007
6,31-12-2010,1464050.00,1,49.14,2.943,213,7.007
6,07-01-2011,1350442.00,0,47.78,2.976,213,6.858
6,14-01-2011,1306195.00,0,38.37,2.983,213,6.858
6,21-01-2011,1261253.00,0,46.20,3.016,213,6.858
6,28-01-2011,1287035.00,0,44.98,3.01,214,6.858
6,04-02-2011,1514999.00,0,40.59,2.989,214,6.858
6,11-02-2011,1486920.00,1,39.38,3.022,214,6.858
6,18-02-2011,1572118.00,0,59.61,3.045,215,6.858
6,25-02-2011,1422600.00,0,62.86,3.065,215,6.858
6,04-03-2011,1502618.00,0,60.45,3.288,215,6.858
6,11-03-2011,1494497.00,0,57.71,3.459,216,6.858
6,18-03-2011,1685375.00,0,65.07,3.488,216,6.858
6,25-03-2011,1438466.00,0,70.83,3.473,216,6.858
6,01-04-2011,1459277.00,0,62.25,3.524,216,6.855
6,08-04-2011,1534594.00,0,70.35,3.622,217,6.855
6,15-04-2011,1448797.00,0,73.17,3.743,217,6.855
6,22-04-2011,1639359.00,0,74.24,3.807,217,6.855
6,29-04-2011,1479250.00,0,75.27,3.81,217,6.855
6,06-05-2011,1504652.00,0,65.42,3.906,217,6.855
6,13-05-2011,1453186.00,0,76.95,3.899,218,6.855
6,20-05-2011,1382784.00,0,72.01,3.907,217,6.855
6,27-05-2011,1523979.00,0,80.83,3.786,217,6.855
6,03-06-2011,1705506.00,0,84.01,3.699,217,6.855
6,10-06-2011,1598644.00,0,84.49,3.648,217,6.855
6,17-06-2011,1622150.00,0,87.08,3.637,217,6.855
6,24-06-2011,1543366.00,0,85.51,3.594,217,6.855
6,01-07-2011,1694551.00,0,87.00,3.524,217,6.925
6,08-07-2011,1709374.00,0,88.36,3.48,217,6.925
6,15-07-2011,1526801.00,0,88.93,3.575,217,6.925
6,22-07-2011,1526506.00,0,88.06,3.651,217,6.925
6,29-07-2011,1483991.00,0,90.22,3.682,217,6.925
6,05-08-2011,1601585.00,0,91.46,3.684,217,6.925
6,12-08-2011,1484995.00,0,90.49,3.638,217,6.925
6,19-08-2011,1493544.00,0,89.26,3.554,217,6.925
6,26-08-2011,1420405.00,0,90.07,3.523,217,6.925
6,02-09-2011,1481619.00,0,91.22,3.533,217,6.925
6,09-09-2011,1483574.00,1,80.21,3.546,217,6.925
6,16-09-2011,1351408.00,0,84.94,3.526,218,6.925
6,23-09-2011,1336045.00,0,78.49,3.467,218,6.925
6,30-09-2011,1307552.00,0,82.51,3.355,218,6.925
6,07-10-2011,1481739.00,0,74.10,3.285,219,6.551
6,14-10-2011,1386521.00,0,71.24,3.274,219,6.551
6,21-10-2011,1417922.00,0,68.53,3.353,219,6.551
6,28-10-2011,1419445.00,0,69.51,3.372,219,6.551
6,04-11-2011,1523420.00,0,58.54,3.332,219,6.551
6,11-11-2011,1536177.00,0,61.33,3.297,220,6.551
6,18-11-2011,1524390.00,0,63.89,3.308,220,6.551
6,25-11-2011,2249812.00,1,62.78,3.236,220,6.551
6,02-12-2011,1688531.00,0,51.18,3.172,220,6.551
6,09-12-2011,1903385.00,0,43.64,3.158,221,6.551
6,16-12-2011,2034696.00,0,53.27,3.159,221,6.551
6,23-12-2011,2644633.00,0,49.45,3.112,221,6.551
6,30-12-2011,1598081.00,1,46.80,3.129,221,6.551
6,06-01-2012,1395340.00,0,50.82,3.157,221,6.132
6,13-01-2012,1344243.00,0,48.33,3.261,221,6.132
6,20-01-2012,1326256.00,0,55.37,3.268,222,6.132
6,27-01-2012,1315611.00,0,53.95,3.29,222,6.132
6,03-02-2012,1496306.00,0,57.45,3.36,222,6.132
6,10-02-2012,1620604.00,1,48.58,3.409,222,6.132
6,17-02-2012,1632616.00,0,49.03,3.51,222,6.132
6,24-02-2012,1465188.00,0,59.17,3.555,222,6.132
6,02-03-2012,1550386.00,0,60.32,3.63,222,6.132
6,09-03-2012,1569304.00,0,57.89,3.669,223,6.132
6,16-03-2012,1748010.00,0,62.80,3.734,223,6.132
6,23-03-2012,1495144.00,0,63.71,3.787,223,6.132
6,30-03-2012,1508933.00,0,67.91,3.845,223,6.132
6,06-04-2012,1840131.00,0,71.60,3.891,223,5.964
6,13-04-2012,1616394.00,0,71.29,3.891,223,5.964
6,20-04-2012,1456073.00,0,68.64,3.877,223,5.964
6,27-04-2012,1456221.00,0,71.50,3.814,223,5.964
6,04-05-2012,1543461.00,0,77.66,3.749,223,5.964
6,11-05-2012,1517076.00,0,72.66,3.688,223,5.964
6,18-05-2012,1513636.00,0,70.50,3.63,223,5.964
6,25-05-2012,1603793.00,0,78.47,3.561,223,5.964
6,01-06-2012,1681121.00,0,80.39,3.501,223,5.964
6,08-06-2012,1696620.00,0,80.50,3.452,223,5.964
6,15-06-2012,1642247.00,0,82.10,3.393,223,5.964
6,22-06-2012,1618272.00,0,81.20,3.346,223,5.964
6,29-06-2012,1648863.00,0,87.35,3.286,223,5.964
6,06-07-2012,1876359.00,0,82.95,3.227,223,5.668
6,13-07-2012,1588142.00,0,80.27,3.256,224,5.668
6,20-07-2012,1574362.00,0,81.57,3.311,224,5.668
6,27-07-2012,1513229.00,0,85.78,3.407,224,5.668
6,03-08-2012,1627275.00,0,87.55,3.417,224,5.668
6,10-08-2012,1588381.00,0,87.04,3.494,224,5.668
6,17-08-2012,1543050.00,0,87.53,3.571,224,5.668
6,24-08-2012,1501095.00,0,79.03,3.62,224,5.668
6,31-08-2012,1577440.00,0,83.58,3.638,224,5.668
6,07-09-2012,1608077.00,1,86.33,3.73,224,5.668
6,14-09-2012,1375167.00,0,76.41,3.717,224,5.668
6,21-09-2012,1425604.00,0,70.81,3.721,224,5.668
6,28-09-2012,1369131.00,0,77.82,3.666,225,5.668
6,05-10-2012,1518178.00,0,70.84,3.617,225,5.329
6,12-10-2012,1459397.00,0,65.43,3.601,225,5.329
6,19-10-2012,1436884.00,0,69.68,3.594,225,5.329
6,26-10-2012,1431426.00,0,72.34,3.506,225,5.329
7,05-02-2010,496725.00,0,10.53,2.58,189,9.014
7,12-02-2010,524105.00,1,25.90,2.572,189,9.014
7,19-02-2010,506761.00,0,27.28,2.55,190,9.014
7,26-02-2010,496083.00,0,24.91,2.586,190,9.014
7,05-03-2010,491420.00,0,35.86,2.62,190,9.014
7,12-03-2010,480452.00,0,27.25,2.684,190,9.014
7,19-03-2010,574450.00,0,29.04,2.692,190,9.014
7,26-03-2010,514732.00,0,23.33,2.717,190,9.014
7,02-04-2010,561145.00,0,38.26,2.725,190,8.963
7,09-04-2010,484263.00,0,33.79,2.75,190,8.963
7,16-04-2010,406228.00,0,41.89,2.765,190,8.963
7,23-04-2010,404751.00,0,43.07,2.776,190,8.963
7,30-04-2010,373656.00,0,38.99,2.766,190,8.963
7,07-05-2010,395454.00,0,40.07,2.771,190,8.963
7,14-05-2010,372674.00,0,41.41,2.788,189,8.963
7,21-05-2010,395196.00,0,46.60,2.776,189,8.963
7,28-05-2010,442735.00,0,54.24,2.737,189,8.963
7,04-06-2010,509183.00,0,53.63,2.7,189,8.963
7,11-06-2010,498581.00,0,63.59,2.684,189,8.963
7,18-06-2010,481144.00,0,52.70,2.674,189,8.963
7,25-06-2010,553715.00,0,59.94,2.715,189,8.963
7,02-07-2010,575571.00,0,61.31,2.728,189,9.017
7,09-07-2010,593462.00,0,58.00,2.711,190,9.017
7,16-07-2010,557166.00,0,62.19,2.699,190,9.017
7,23-07-2010,570231.00,0,64.64,2.691,190,9.017
7,30-07-2010,603547.00,0,66.07,2.69,190,9.017
7,06-08-2010,643854.00,0,61.70,2.69,190,9.017
7,13-08-2010,598185.00,0,60.13,2.723,190,9.017
7,20-08-2010,582353.00,0,59.59,2.732,190,9.017
7,27-08-2010,554309.00,0,57.57,2.731,190,9.017
7,03-09-2010,532765.00,0,49.84,2.773,190,9.017
7,10-09-2010,535769.00,1,48.50,2.78,190,9.017
7,17-09-2010,489409.00,0,48.56,2.8,190,9.017
7,24-09-2010,488009.00,0,47.55,2.793,191,9.017
7,01-10-2010,448999.00,0,49.99,2.759,191,9.137
7,08-10-2010,480240.00,0,44.13,2.745,191,9.137
7,15-10-2010,463370.00,0,35.86,2.762,191,9.137
7,22-10-2010,472451.00,0,36.84,2.762,191,9.137
7,29-10-2010,465493.00,0,34.78,2.748,191,9.137
7,05-11-2010,480512.00,0,49.44,2.729,191,9.137
7,12-11-2010,507584.00,0,22.12,2.737,191,9.137
7,19-11-2010,482528.00,0,25.56,2.758,191,9.137
7,26-11-2010,835189.00,1,17.95,2.742,191,9.137
7,03-12-2010,552812.00,0,21.88,2.712,191,9.137
7,10-12-2010,599730.00,0,24.24,2.728,191,9.137
7,17-12-2010,716389.00,0,20.74,2.778,191,9.137
7,24-12-2010,1045125.00,0,26.04,2.781,191,9.137
7,31-12-2010,729572.00,1,13.76,2.829,191,9.137
7,07-01-2011,661164.00,0,10.09,2.882,191,8.818
7,14-01-2011,547385.00,0,11.32,2.911,191,8.818
7,21-01-2011,521539.00,0,25.40,2.973,192,8.818
7,28-01-2011,513372.00,0,10.11,3.008,192,8.818
7,04-02-2011,558028.00,0,-2.06,3.011,192,8.818
7,11-02-2011,559903.00,1,10.24,3.037,192,8.818
7,18-02-2011,572387.00,0,17.30,3.051,192,8.818
7,25-02-2011,546691.00,0,17.46,3.101,192,8.818
7,04-03-2011,551378.00,0,21.84,3.232,192,8.818
7,11-03-2011,558964.00,0,20.70,3.372,192,8.818
7,18-03-2011,635015.00,0,27.69,3.406,192,8.818
7,25-03-2011,559062.00,0,25.69,3.414,192,8.818
7,01-04-2011,513410.00,0,24.83,3.461,192,8.595
7,08-04-2011,500552.00,0,30.64,3.532,192,8.595
7,15-04-2011,423380.00,0,27.79,3.611,192,8.595
7,22-04-2011,466595.00,0,31.84,3.636,193,8.595
7,29-04-2011,410430.00,0,26.79,3.663,193,8.595
7,06-05-2011,407012.00,0,26.54,3.735,193,8.595
7,13-05-2011,414094.00,0,36.61,3.767,193,8.595
7,20-05-2011,424671.00,0,36.16,3.828,193,8.595
7,27-05-2011,457217.00,0,37.51,3.795,193,8.595
7,03-06-2011,542295.00,0,45.77,3.763,193,8.595
7,10-06-2011,621100.00,0,53.30,3.735,193,8.595
7,17-06-2011,610991.00,0,48.79,3.697,193,8.595
7,24-06-2011,640044.00,0,46.85,3.661,193,8.595
7,01-07-2011,704344.00,0,58.54,3.597,193,8.622
7,08-07-2011,761794.00,0,59.08,3.54,193,8.622
7,15-07-2011,642748.00,0,54.37,3.532,193,8.622
7,22-07-2011,688044.00,0,56.22,3.545,194,8.622
7,29-07-2011,653383.00,0,56.66,3.547,194,8.622
7,05-08-2011,695393.00,0,55.91,3.554,194,8.622
7,12-08-2011,670670.00,0,54.56,3.542,194,8.622
7,19-08-2011,645156.00,0,56.06,3.499,194,8.622
7,26-08-2011,629994.00,0,57.60,3.485,194,8.622
7,02-09-2011,592355.00,0,53.40,3.511,195,8.622
7,09-09-2011,613135.00,1,45.61,3.566,195,8.622
7,16-09-2011,558981.00,0,43.67,3.596,195,8.622
7,23-09-2011,536145.00,0,43.67,3.581,195,8.622
7,30-09-2011,488880.00,0,47.34,3.538,195,8.622
7,07-10-2011,525866.00,0,40.65,3.498,195,8.513
7,14-10-2011,501959.00,0,32.65,3.491,195,8.513
7,21-10-2011,558691.00,0,37.49,3.548,195,8.513
7,28-10-2011,527340.00,0,28.82,3.55,195,8.513
7,04-11-2011,564536.00,0,23.41,3.527,195,8.513
7,11-11-2011,556016.00,0,19.53,3.505,196,8.513
7,18-11-2011,539827.00,0,29.53,3.479,196,8.513
7,25-11-2011,949076.00,1,27.60,3.424,196,8.513
7,02-12-2011,591908.00,0,20.38,3.378,196,8.513
7,09-12-2011,653845.00,0,11.17,3.331,196,8.513
7,16-12-2011,720242.00,0,15.20,3.266,196,8.513
7,23-12-2011,1059715.00,0,12.19,3.173,196,8.513
7,30-12-2011,815916.00,1,15.56,3.119,196,8.513
7,06-01-2012,713118.00,0,18.67,3.095,197,8.256
7,13-01-2012,593875.00,0,7.46,3.077,197,8.256
7,20-01-2012,578003.00,0,27.41,3.055,197,8.256
7,27-01-2012,541038.00,0,26.90,3.038,197,8.256
7,03-02-2012,580453.00,0,22.20,3.031,197,8.256
7,10-02-2012,563461.00,1,18.79,3.103,197,8.256
7,17-02-2012,620908.00,0,27.03,3.113,197,8.256
7,24-02-2012,603041.00,0,24.41,3.129,197,8.256
7,02-03-2012,551058.00,0,21.64,3.191,197,8.256
7,09-03-2012,579167.00,0,30.10,3.286,197,8.256
7,16-03-2012,669206.00,0,37.29,3.486,197,8.256
7,23-03-2012,615997.00,0,35.06,3.664,197,8.256
7,30-03-2012,583322.00,0,44.99,3.75,197,8.256
7,06-04-2012,621426.00,0,44.29,3.854,198,8.09
7,13-04-2012,517420.00,0,41.43,3.901,198,8.09
7,20-04-2012,457340.00,0,39.30,3.936,198,8.09
7,27-04-2012,467828.00,0,51.49,3.927,198,8.09
7,04-05-2012,465199.00,0,45.38,3.903,198,8.09
7,11-05-2012,460397.00,0,48.54,3.87,198,8.09
7,18-05-2012,468428.00,0,49.41,3.837,198,8.09
7,25-05-2012,532740.00,0,50.60,3.804,198,8.09
7,01-06-2012,598495.00,0,55.06,3.764,198,8.09
7,08-06-2012,642964.00,0,63.07,3.741,198,8.09
7,15-06-2012,666942.00,0,59.33,3.723,198,8.09
7,22-06-2012,687345.00,0,63.69,3.735,198,8.09
7,29-06-2012,704335.00,0,68.84,3.693,198,8.09
7,06-07-2012,805643.00,0,64.67,3.646,198,7.872
7,13-07-2012,694151.00,0,64.21,3.613,198,7.872
7,20-07-2012,686346.00,0,62.87,3.585,198,7.872
7,27-07-2012,686365.00,0,64.60,3.57,198,7.872
7,03-08-2012,680955.00,0,61.83,3.528,198,7.872
7,10-08-2012,675926.00,0,63.41,3.509,198,7.872
7,17-08-2012,642450.00,0,59.66,3.545,198,7.872
7,24-08-2012,609099.00,0,59.27,3.558,198,7.872
7,31-08-2012,586467.00,0,60.46,3.556,198,7.872
7,07-09-2012,597877.00,1,57.84,3.596,198,7.872
7,14-09-2012,541120.00,0,53.66,3.659,198,7.872
7,21-09-2012,530842.00,0,51.77,3.765,198,7.872
7,28-09-2012,525546.00,0,50.64,3.789,199,7.872
7,05-10-2012,505831.00,0,48.43,3.779,199,7.557
7,12-10-2012,503464.00,0,41.43,3.76,199,7.557
7,19-10-2012,516425.00,0,43.01,3.75,199,7.557
